[
  {
    "id": "p-001",
    "name": "Lenovo IdeaPad 3",
    "price": "3200",
    "description": "Laptop echilibrat pentru muncă și multimedia, ecran 15.6\", procesor Intel i5, 8GB RAM.",
    "category": "Laptop",
    "stock": "9",
    "rating": "4.5",
    "brand": "",
    "feature1": "",
    "feature2": "",
    "image": "/uploads/1755677412861-642184285.jpg"
  },
  {
    "id": "p-002",
    "name": "HP Pavilion 15",
    "price": "3800",
    "description": "Ideal pentru productivitate și gaming ușor, procesor AMD Ryzen 5, 16GB RAM, SSD 512GB.",
    "category": "Laptop",
    "stock": "8",
    "rating": "4.6",
    "brand": "",
    "feature1": "",
    "feature2": "",
    "image": "/uploads/1755677486137-466460073.jpg"
  },
  {
    "id": "p-003",
    "name": "Dell Inspiron 14",
    "price": "3500",
    "description": "Compact și performant, ecran Full HD, procesor Intel i7, 16GB RAM, ideal pentru birou.",
    "category": "Laptop",
    "stock": "0",
    "rating": "4.7",
    "brand": "",
    "feature1": "",
    "feature2": "",
    "image": "/uploads/1755677496619-467890101.jpg"
  },
  {
    "id": "p-004",
    "name": "Asus ZenBook 13",
    "price": "4500",
    "description": "Ultraportabil, design elegant, procesor Intel i5, 16GB RAM, autonomie mare.",
    "category": "Laptop",
    "stock": "6",
    "rating": "4.8",
    "brand": "",
    "feature1": "",
    "feature2": "",
    "image": "/uploads/1755677506931-747369021.jpg"
  },
  {
    "id": "p-005",
    "name": "Acer Aspire 5",
    "price": "3100",
    "description": "Laptop de buget, bun pentru școală și muncă, procesor AMD Ryzen 3, 8GB RAM, SSD 256GB.",
    "category": "Laptop",
    "stock": "0",
    "rating": "4.3",
    "brand": "",
    "feature1": "",
    "feature2": "",
    "image": "/uploads/1755677514373-784068942.jpg"
  },
  {
    "id": "p-006",
    "name": "Samsung Galaxy S23",
    "price": "5200",
    "description": "Telefon premium, ecran Dynamic AMOLED, procesor Snapdragon 8 Gen 2, cameră 200MP.",
    "category": "Telefon",
    "stock": "15",
    "rating": "4.9",
    "brand": "",
    "feature1": "",
    "feature2": "",
    "image": "/uploads/1755677522171-435632240.jpg"
  },
  {
    "id": "p-007",
    "name": "iPhone 14",
    "price": "6000",
    "description": "Telefon Apple cu performanță ridicată, ecran Super Retina XDR, procesor A15 Bionic, camere avansate.",
    "category": "Telefon",
    "stock": "12",
    "rating": "4.8",
    "brand": "",
    "feature1": "",
    "feature2": "",
    "image": "/uploads/1755677529628-159100123.jpg"
  },
  {
    "id": "p-008",
    "name": "MSI Aegis",
    "price": "7800",
    "description": "PC de gaming, procesor Intel i7, 32GB RAM, placă video NVIDIA RTX 4070, SSD 1TB.",
    "category": "PC",
    "stock": "0",
    "rating": "4.9",
    "brand": "",
    "feature1": "",
    "feature2": "",
    "image": "/uploads/1755677537723-821673820.jpg"
  },
  {
    "id": "p-009",
    "name": "HP Pavilion Desktop",
    "price": "4200",
    "description": "PC pentru birou, procesor AMD Ryzen 5, 16GB RAM, SSD 512GB, fiabil și silențios.",
    "category": "PC",
    "stock": "7",
    "rating": "4.6",
    "brand": "",
    "feature1": "",
    "feature2": "",
    "image": "/uploads/1755677546058-748672518.jpg"
  },
  {
    "id": "p-010",
    "name": "Dell OptiPlex 5090",
    "price": "5000",
    "description": "PC business, procesor Intel i5, 16GB RAM, SSD 512GB, ideal pentru muncă și birou.",
    "category": "PC",
    "stock": "5",
    "rating": "4.7",
    "brand": "",
    "feature1": "",
    "feature2": "",
    "image": "/uploads/1755677555860-115878754.jpg"
  }
]